sdist,sanitation_score,education_score,awareness_score,behavior_score,health_score_norm
1,12.895604395604396,2.3241758241758244,1.021978021978022,0.008241758241758242,0.6211277869442425
2,10.673721340388008,2.455026455026455,1.0251322751322751,0.0,0.7128619263620571
3,15.472693032015066,2.6016949152542375,1.3573446327683616,0.01977401129943503,0.7648899199465138
4,16.857418111753372,2.19364161849711,1.0549132947976878,0.0,0.5680085469707505
5,13.43879472693032,2.457627118644068,1.0084745762711864,0.0,0.6057396633671189
6,15.456140350877192,2.5078947368421054,0.9763157894736842,0.0,0.4350730012257816
7,11.681265206812652,2.791970802919708,1.0437956204379562,0.0,1.0
8,10.242753623188406,2.3940217391304346,0.7445652173913043,0.008152173913043478,0.6766835937073843
9,14.359404096834265,2.016759776536313,0.611731843575419,0.0111731843575419,0.6307428775074263
10,10.366666666666667,3.0033333333333334,1.1133333333333333,0.0,0.647087412707325
11,9.139616055846423,2.2722513089005236,0.725130890052356,0.005235602094240838,0.6562667706960486
12,9.426966292134832,2.75561797752809,0.7584269662921348,0.0,0.8331861629155751
13,8.439490445859873,2.6305732484076434,0.9665605095541401,0.0,0.46279680139072715
14,10.534216335540838,2.3874172185430464,0.9735099337748344,0.0033112582781456954,0.5922003067232845
15,10.606237816764134,2.2017543859649122,0.7017543859649122,0.0,0.8826465116740424
16,12.023060796645703,2.091194968553459,0.5817610062893082,0.0,0.7509207168942506
17,17.170068027210885,2.1683673469387754,0.9834183673469388,0.0,0.5780581905712653
18,14.390873015873016,2.2767857142857144,0.6116071428571429,0.0,0.7889164671292219
19,13.582329317269075,2.605421686746988,1.0948795180722892,0.006024096385542169,0.41357442624113155
20,15.87179487179487,2.1853146853146854,0.6555944055944056,0.0,0.9458168610084922
21,9.864444444444445,3.3466666666666667,1.0133333333333334,0.0,0.644905793695154
22,10.492156862745098,3.15,0.9779411764705882,0.0,0.7580924202511565
23,10.14569536423841,2.30794701986755,0.8112582781456954,0.0,0.4959972838832077
24,9.217864923747277,2.84640522875817,0.9918300653594772,0.0,0.34298205853652775
25,13.114379084967322,2.0637254901960786,0.7034313725490197,0.0,0.6088446765977239
26,8.60344827586207,2.439655172413793,0.853448275862069,0.0,0.4410233959556423
27,7.552311435523115,2.872262773722628,0.9817518248175182,0.0,0.5021292737716259
28,6.275252525252526,3.106060606060606,1.1875,0.0,0.39101468668029815
29,8.23728813559322,2.9745762711864407,0.9555084745762712,0.0,0.4578541867308565
30,10.280193236714977,2.829710144927536,0.8659420289855072,0.0,0.3624554003466755
31,11.123456790123457,2.9444444444444446,0.9425925925925925,0.0,0.43070945820632955
32,9.545634920634921,2.7827380952380953,0.8928571428571429,0.0,0.4826828166356292
33,8.398148148148147,2.861111111111111,1.0017361111111112,0.0,0.6170651272649088
34,8.165333333333335,2.54,0.9,0.0,0.564221669142543
36,8.74712643678161,3.2327586206896552,0.978448275862069,0.0,0.5993795253528069
37,7.806763285024154,3.3115942028985508,1.1177536231884058,0.0,0.5861263402084128
38,8.529411764705882,3.2588235294117647,1.0823529411764705,0.0,0.672829475210014
39,8.151138716356106,3.1801242236024843,1.045031055900621,0.0,0.7635954255619658
40,9.029535864978904,3.231012658227848,0.9509493670886076,0.0,0.5520917912468778
41,7.976923076923077,3.2653846153846153,1.0076923076923077,0.0038461538461538464,0.6728359502101854
42,9.50524109014675,3.0,0.8694968553459119,0.0,0.6145253616517767
44,13.709876543209877,2.8333333333333335,0.8009259259259259,0.0,0.4040856046348104
45,14.086330935251798,2.902877697841727,0.762589928057554,0.0,0.5043456707927995
46,10.465324384787472,2.835570469798658,0.6728187919463087,0.0,0.420618949523982
47,11.682170542635658,2.7906976744186047,0.6962209302325582,0.0,0.4174799523281939
48,7.925465838509317,3.1335403726708075,0.9270186335403726,0.003105590062111801,0.5225845158715524
49,8.321428571428571,3.238095238095238,0.9925595238095238,0.0,0.7006007037480312
50,11.745098039215685,2.764705882352941,0.803921568627451,0.0,0.6276354562583293
51,8.952380952380953,3.2436974789915967,0.9453781512605042,0.0,0.6115654423486753
52,7.900311526479751,3.3317757009345796,1.088785046728972,0.0,0.5000865429591617
53,8.938856015779093,3.1124260355029585,0.8846153846153846,0.0,0.5372011251852958
54,8.366666666666667,3.18,0.9,0.0,0.6047780692898961
55,8.573643410852712,3.368217054263566,1.1569767441860466,0.0,0.4974995852928555
56,9.366279069767442,2.383720930232558,0.686046511627907,0.0,0.4468731898005942
57,9.099290780141844,2.5460992907801416,0.7783687943262412,0.0,0.5143251502924993
58,8.079059829059828,2.394230769230769,0.8285256410256411,0.0,0.5958724655158534
59,10.27373068432671,2.3642384105960264,0.695364238410596,0.0,0.5263198544306952
60,8.451977401129945,3.0635593220338984,0.9788135593220338,0.0,0.6312533864916104
61,10.313390313390315,2.6666666666666665,0.8547008547008547,0.0,0.5578116791168984
62,7.850715746421268,2.598159509202454,0.9447852760736196,0.0,0.5407337751187242
63,9.537037037037036,2.454861111111111,0.890625,0.0,0.6019246350695071
64,10.262108262108264,2.4017094017094016,0.8333333333333334,0.0,0.508648497833431
65,9.076470588235294,2.4823529411764707,0.875,0.0,0.6472610595785587
66,10.538631346578367,2.8311258278145695,0.9321192052980133,0.0,0.636926517923595
67,10.518018018018019,2.4222972972972974,0.7246621621621622,0.0,0.48742928436485483
68,9.726817042606516,2.6954887218045114,0.7875939849624061,0.0037593984962406013,0.43225169125703544
69,8.308641975308642,3.375,1.0162037037037037,0.0,0.49780428885400696
70,8.001763668430335,3.1746031746031744,0.9801587301587301,0.0,0.6227395997774418
71,8.090395480225988,2.9971751412429377,0.8149717514124294,0.0,0.5141698795057318
72,8.597302504816957,3.060693641618497,0.8959537572254336,0.0,0.5235069144918704
73,8.906432748538013,2.8157894736842106,0.6842105263157895,0.0,0.36859918870646236
74,8.479674796747968,2.9048780487804877,0.8841463414634146,0.0,0.5052742944028593
75,9.376923076923077,2.7384615384615385,0.7326923076923076,0.007692307692307693,0.5001348107027387
76,11.358796296296298,3.295138888888889,0.9930555555555556,0.0,0.6008853373239069
77,9.847560975609756,2.923780487804878,0.8567073170731707,0.0,0.48831750381422895
78,8.267489711934155,2.7376543209876543,0.7623456790123457,0.0,0.411756008256869
79,10.526881720430106,2.661290322580645,0.8145161290322581,0.0,0.39415677690538753
80,9.856060606060607,2.883522727272727,0.8678977272727273,0.0,0.4154295297593882
82,12.33127572016461,3.185185185185185,1.0617283950617284,0.0,0.48779924941952735
83,12.470023980815347,3.2661870503597124,0.9946043165467626,0.0,0.646610254343083
84,10.622988505747127,2.9551724137931035,0.8137931034482758,0.0,0.5309965233551884
85,10.506082725060828,3.167883211678832,0.8503649635036497,0.0,0.5763262108044384
86,10.469565217391304,3.2,1.0217391304347827,0.0,0.5048199033228106
87,14.51082251082251,1.9545454545454546,0.2532467532467532,0.0,0.29207321277333614
88,19.206439393939394,3.0369318181818183,0.9431818181818182,0.0,0.5673566008414789
89,11.603603603603602,2.518918918918919,0.6256756756756757,0.0,0.5255867648411298
99,10.572916666666666,2.3958333333333335,0.7890625,0.0,0.49136336917547757
100,10.646417445482866,2.5233644859813085,0.7336448598130841,0.0,0.5374116298878931
101,11.955840455840455,2.3867521367521367,0.6346153846153846,0.0,0.4568347799256705
102,11.34313725490196,2.327731092436975,0.6964285714285714,0.0021008403361344537,0.5024779440723612
103,9.964401294498382,2.7985436893203883,0.8689320388349514,0.0024271844660194173,0.6179977761086413
104,9.168560606060607,2.428977272727273,0.5951704545454546,0.005681818181818182,0.3870273162713756
105,16.191756272401435,2.2016129032258065,0.6155913978494624,0.0,0.36611020310463394
106,12.384180790960452,1.8926553672316384,0.4632768361581921,0.0,0.32616608710262923
107,13.162962962962963,1.9472222222222222,0.4625,0.005555555555555556,0.27551702178012616
108,10.708551483420594,1.7277486910994764,0.3795811518324607,0.0,0.44964314396783833
109,12.900673400673401,2.0984848484848486,0.5227272727272727,0.0,0.292563225927258
110,9.41904761904762,2.669047619047619,0.9321428571428572,0.0,0.49607354858693764
111,11.952153110047847,2.569377990430622,0.8600478468899522,0.0,0.5818995242725435
112,13.36794871794872,2.4480769230769233,0.8009615384615385,0.0,0.4807219957758093
113,10.330666666666666,2.332,0.859,0.0,0.450518983910385
114,16.47982062780269,1.9798206278026906,0.6804932735426009,0.0,0.4181239013414684
115,14.395114942528735,2.144396551724138,0.6993534482758621,0.0,0.338548050810783
116,14.453038674033149,2.0773480662983426,0.5732044198895028,0.0,0.3306752419593699
117,10.935587761674718,2.033816425120773,0.6497584541062802,0.0,0.4220165869199798
118,12.709551656920079,2.5994152046783627,0.9429824561403509,0.0,0.2834493315301512
119,11.713675213675215,2.6314102564102564,0.8846153846153846,0.0,0.47329564044575967
120,8.696969696969697,2.160427807486631,0.7072192513368984,0.0,0.38348952644201145
121,10.307936507936507,1.9,0.5678571428571428,0.0,0.3635108223935347
122,10.189349112426035,2.1745562130177514,0.6878698224852071,0.0,0.4482690972354226
123,10.591002044989777,2.423312883435583,0.6855828220858896,0.0,0.46600945724785064
124,14.358865248226952,2.108510638297872,0.7691489361702127,0.0,0.3694263700783986
125,13.15167548500882,1.58994708994709,0.49603174603174605,0.0,0.27501977740849054
126,9.213333333333333,2.046666666666667,0.5883333333333334,0.0,0.388974078212062
127,8.56159420289855,2.760869565217391,1.033967391304348,0.0,0.37783296226076224
128,11.692192192192193,2.078828828828829,0.6452702702702703,0.0,0.23548943790928725
129,8.47176684881603,1.8169398907103824,0.5382513661202186,0.0,0.2967406798483351
130,11.772727272727273,2.090909090909091,0.803030303030303,0.0,0.4559952898639559
131,14.41468253968254,1.5238095238095237,0.45535714285714285,0.0,0.34607681982449934
132,10.497175141242938,2.4519774011299433,0.7175141242937854,0.002824858757062147,0.4250697086366118
134,9.813204508856684,2.42512077294686,0.7644927536231884,0.0,0.4264250991300668
136,10.55268817204301,2.2483870967741937,0.5548387096774193,0.0,0.3086611179631606
137,11.341666666666667,2.395,0.585,0.0,0.3124315419302397
138,9.189743589743589,2.8435897435897437,0.7717948717948718,0.0,0.4111939813098224
139,11.139028475711894,2.7311557788944723,0.8228643216080402,0.0,0.43537950421240695
141,16.554517133956384,2.8130841121495327,0.9158878504672897,0.0,0.4122994658000618
142,11.272522522522523,2.5675675675675675,0.8226351351351351,0.0,0.3771607152597172
143,12.335511982570807,2.4607843137254903,0.6928104575163399,0.0,0.36817512633462784
144,13.009009009009008,2.3567567567567567,0.7040540540540541,0.0,0.4394026536505037
145,13.933673469387756,2.2193877551020407,0.5293367346938775,0.002551020408163265,0.469216184810634
146,17.127167630057805,2.3901734104046244,0.7225433526011561,0.0,0.40916514775689095
147,11.90224358974359,2.3653846153846154,0.5973557692307693,0.0,0.3839826454463029
148,12.27689594356261,2.3333333333333335,0.6759259259259259,0.0,0.2902262118423831
150,11.32853717026379,2.053956834532374,0.5413669064748201,0.0,0.2899203501214924
151,11.50920245398773,1.9417177914110428,0.4754601226993865,0.003067484662576687,0.27255806753847145
152,11.064625850340136,2.086734693877551,0.5688775510204082,0.0,0.3177945012019757
153,15.583333333333334,1.7325581395348837,0.38226744186046513,0.0,0.24818647038853456
154,14.972222222222221,1.4722222222222223,0.21944444444444444,0.0,0.25860161994719255
155,13.77104377104377,1.5858585858585859,0.41035353535353536,0.0,0.3135359170465851
156,13.42495126705653,1.868421052631579,0.44005847953216376,0.011695906432748537,0.472354730477076
157,11.735416666666667,2.734375,0.8046875,0.0,0.4052563020280986
159,11.07952622673435,1.9593908629441625,0.5241116751269036,0.0,0.31178832344578594
160,12.50580431177446,1.890547263681592,0.4490049751243781,0.0,0.33850160469887186
161,10.945578231292517,2.561224489795918,0.7691326530612245,0.0,0.4027605802299413
162,14.637200736648252,2.0,0.5220994475138122,0.0027624309392265192,0.355532102081137
163,12.744855967078188,2.009259259259259,0.41512345679012347,0.0030864197530864196,0.3658040565669825
164,10.828460038986355,2.6491228070175437,0.9152046783625731,0.0,0.45009635357651734
165,13.20435510887772,1.9422110552763818,0.5339195979899497,0.0,0.26209747707250153
166,11.801762114537445,2.5198237885462555,0.8502202643171806,0.0,0.28124747865201444
167,13.921652421652423,1.7094017094017093,0.4049145299145299,0.0,0.30960595076726505
168,13.842105263157896,1.8779904306220097,0.5,0.0023923444976076554,0.26075309592639423
169,12.477929984779301,1.9018264840182648,0.4486301369863014,0.0,0.3182564914226184
170,13.979400749063672,1.5842696629213484,0.3806179775280899,0.0028089887640449437,0.1978669000452064
171,15.869477911646587,1.6234939759036144,0.411144578313253,0.0,0.27093049212966586
172,13.27944111776447,1.7425149700598803,0.5104790419161677,0.0,0.250986749932296
173,14.42156862745098,2.1936274509803924,0.5686274509803921,0.004901960784313725,0.3617495367249843
174,12.897435897435898,1.8557692307692308,0.4166666666666667,0.0,0.2578878033538869
175,15.0,1.9623287671232876,0.4914383561643836,0.0,0.3254402962443888
176,14.64516129032258,1.8655913978494623,0.42338709677419356,0.002688172043010753,0.333773299718053
177,13.896860986547086,2.2511210762331837,0.5571748878923767,0.0,0.40163424914075824
178,16.152542372881356,1.8954802259887005,0.4745762711864407,0.0,0.3538634704370005
180,15.372043010752687,1.3161290322580645,0.3064516129032258,0.0,0.3152597657040755
181,15.253119429590019,1.5294117647058822,0.40106951871657753,0.00267379679144385,0.2145545579151846
182,15.272893772893772,1.5384615384615385,0.45467032967032966,0.0,0.3236554409590596
183,15.42757417102967,1.7643979057591623,0.5353403141361257,0.007853403141361256,0.3966775141296773
184,16.480798771121353,1.6175115207373272,0.3870967741935484,0.0,0.3207223878577564
185,15.079939668174964,2.088235294117647,0.7070135746606335,0.0,0.2659528372806553
186,15.733686067019402,1.6957671957671958,0.3544973544973545,0.0,0.3197257212740102
187,15.590990990990992,1.991891891891892,0.5310810810810811,0.0,0.27324885014099465
188,15.012681159420291,2.203804347826087,0.6182065217391305,0.0,0.32561785679083977
189,14.581632653061224,2.076530612244898,0.6326530612244898,0.0,0.30621561368343425
190,15.81592039800995,2.390547263681592,0.832089552238806,0.0,0.26376229884010155
191,15.923809523809526,1.96,0.58,0.0,0.3413973672708291
192,14.083333333333334,2.3723958333333335,0.6653645833333334,0.0,0.44276337742288774
193,14.484276729559749,2.0817610062893084,0.6194968553459119,0.0,0.2402426770071258
194,14.976486860304288,2.1556016597510372,0.6773858921161826,0.0,0.34509370806890693
195,14.267605633802816,2.1572769953051645,0.5352112676056338,0.0,0.30596007919299995
196,13.752276867030965,1.953551912568306,0.5642076502732241,0.0,0.33350161161947856
197,12.924836601307188,2.605392156862745,0.8541666666666666,0.0,0.30118310276677396
198,16.42581888246628,1.9682080924855492,0.4913294797687861,0.0,0.3635083421868215
199,14.63984674329502,1.8706896551724137,0.5359195402298851,0.0,0.39131548734421373
200,17.165656565656565,1.7636363636363637,0.4712121212121212,0.0,0.20377670787961583
201,13.236886632825719,2.032994923857868,0.4746192893401015,0.0,0.33394638190627957
202,10.26443202979516,2.0139664804469275,0.5642458100558659,0.0,0.29184558665925775
203,13.603896103896103,1.5584415584415585,0.4172077922077922,0.0,0.322650897057358
204,13.592369477911648,1.6506024096385543,0.4382530120481928,0.0,0.2350626964935373
205,12.58628841607565,1.4787234042553192,0.36347517730496454,0.0,0.2582206069127216
206,11.303030303030303,1.596969696969697,0.44696969696969696,0.0,0.20699462970325605
207,12.867549668874172,1.5430463576158941,0.4602649006622517,0.0033112582781456954,0.2760196178432205
208,12.364779874213836,1.1069182389937107,0.2610062893081761,0.0031446540880503146,0.18655646905926143
209,13.347905282331514,1.1939890710382515,0.2677595628415301,0.00546448087431694,0.1501872141992411
210,13.973737373737375,1.1848484848484848,0.20303030303030303,0.0030303030303030303,0.23185789165536103
211,13.818181818181818,1.1303030303030304,0.27424242424242423,0.0,0.1664415107923076
212,13.634567901234568,1.2518518518518518,0.2351851851851852,0.003703703703703704,0.16064596041304735
213,13.203389830508474,1.2627118644067796,0.3954802259887006,0.0,0.18037134144927938
214,13.61654135338346,1.0977443609022557,0.231203007518797,0.0,0.21688979075416984
215,12.320430107526882,1.4096774193548387,0.3338709677419355,0.0,0.23897498990479332
216,13.071895424836601,1.4640522875816993,0.38562091503267976,0.0,0.26276991379629905
217,13.119658119658121,1.7147435897435896,0.38621794871794873,0.0,0.3571395209420756
218,13.734432234432235,1.8214285714285714,0.47527472527472525,0.0,0.3560720233283123
219,14.063314711359405,1.73463687150838,0.48463687150837986,0.002793296089385475,0.21057829091521343
220,13.514124293785311,1.7090395480225988,0.4350282485875706,0.0,0.295748019562649
221,13.638157894736842,1.6217105263157894,0.40789473684210525,0.0,0.21906133968864627
222,12.993019197207678,1.6230366492146597,0.3769633507853403,0.0,0.3108108164734706
223,11.596119929453263,1.4788359788359788,0.27645502645502645,0.0,0.2414492977677753
224,11.847457627118644,1.8983050847457628,0.5875706214689266,0.0,0.2513993214980909
225,12.730061349693251,1.7423312883435582,0.4708588957055215,0.0,0.16721605846298584
226,13.52046783625731,2.073099415204678,0.6154970760233918,0.0,0.2695805969910297
227,13.131205673758867,1.7686170212765957,0.5585106382978723,0.0,0.18609798251809373
228,12.449101796407186,1.751497005988024,0.47005988023952094,0.0,0.2595434795962861
229,10.477777777777778,1.67,0.4266666666666667,0.0,0.17466989761803098
230,10.764568764568766,2.2587412587412588,0.7045454545454546,0.0,0.2613365739016659
231,12.385878489326766,2.0049261083743843,0.5591133004926109,0.0,0.2112626609443733
232,12.29607843137255,1.95,0.5014705882352941,0.0,0.16261944291683927
233,13.106589147286822,1.7994186046511629,0.49127906976744184,0.0,0.1597826190605374
234,11.950276243093922,2.0497237569060776,0.5828729281767956,0.0,0.1921830199193093
235,11.318352059925093,1.8567415730337078,0.45646067415730335,0.0,0.16525151669428387
236,12.552083333333334,1.9010416666666667,0.5390625,0.0,0.22217324924223822
237,12.106425702811245,1.7228915662650603,0.4563253012048193,0.0,0.23006596242348515
238,13.920245398773005,1.5674846625766872,0.36809815950920244,0.0,0.23712166582234454
239,12.030131826741997,1.694915254237288,0.4279661016949153,0.0,0.08799361554397571
240,12.296066252587993,1.565217391304348,0.36180124223602483,0.0,0.08185303414848054
241,10.120218579234974,2.057377049180328,0.875,0.01639344262295082,0.7840318377439792
242,10.948559670781894,2.419753086419753,1.0478395061728396,0.006172839506172839,0.664368346347243
243,9.430678466076698,2.3893805309734515,0.9026548672566371,0.004424778761061947,0.7770563001020574
244,9.2782874617737,2.6926605504587156,1.1995412844036697,0.01834862385321101,0.7004529220031976
245,8.579710144927537,2.1490683229813663,0.781055900621118,0.003105590062111801,0.8724561614279778
246,7.7727272727272725,2.477272727272727,0.9488636363636364,0.002840909090909091,0.7162726794855016
247,9.952718676122931,1.627659574468085,0.5673758865248227,0.0,0.6509719978546308
248,9.987577639751553,2.531055900621118,0.9440993788819876,0.009316770186335404,0.7946458408407356
249,8.356164383561644,1.7294520547945205,0.5856164383561644,0.010273972602739725,0.6380661257573998
252,7.994623655913979,2.068548387096774,0.5625,0.0,0.8561088513293887
253,12.39965986394558,2.038265306122449,0.8762755102040817,0.0,0.5249798795004436
255,9.18125,2.25625,0.86875,0.009375,0.7890005858411145
257,7.521857923497269,2.05327868852459,0.625,0.0,0.7436468670154082
258,9.476190476190476,2.2774725274725274,0.853021978021978,0.008241758241758242,0.7999109889702182
260,10.8224043715847,1.7377049180327868,0.6639344262295082,0.004098360655737705,0.7109344665567054
261,12.593607305936073,1.6164383561643836,0.5068493150684932,0.0,0.48092667468536365
262,12.010666666666665,2.328,0.934,0.0,0.4832192955311151
263,11.320512820512821,1.9807692307692308,0.7038461538461539,0.0,0.24010553738050938
264,14.484234234234233,2.4087837837837838,0.9324324324324325,0.0,0.4893908355061971
265,11.772823779193205,2.7070063694267517,1.0748407643312101,0.0,0.41941469160220607
266,10.466666666666667,1.83,0.6833333333333333,0.0,0.6075531949425176
267,10.392307692307693,1.623076923076923,0.4230769230769231,0.0,0.42764729066346635
268,16.981220657276996,1.7816901408450705,0.528169014084507,0.0,0.437122501953853
269,11.47076023391813,1.5745614035087718,0.2807017543859649,0.0,0.42923515369051735
270,12.924574209245742,2.6386861313868613,1.0857664233576643,0.0,0.6022997161273363
271,11.490196078431373,1.713235294117647,0.6341911764705882,0.0,0.46576546575528155
272,17.48087431693989,1.9467213114754098,0.8278688524590164,0.0,0.6486039252238832
273,17.070559610705594,1.718978102189781,0.6624087591240876,0.0036496350364963502,0.5538911123044926
274,17.90096618357488,2.213768115942029,0.9565217391304348,0.010869565217391304,0.6757997492786613
275,18.18312757201646,2.2685185185185186,1.0123456790123457,0.0,0.5981354975255899
276,20.91561181434599,2.2025316455696204,0.9841772151898734,0.0,0.5652410234296439
277,20.014598540145986,2.5985401459854014,1.187956204379562,0.0,0.7101144920955039
278,21.21969696969697,2.4119318181818183,0.9886363636363636,0.0,0.5090441022636428
279,17.70125786163522,1.7641509433962264,0.6745283018867925,0.0,0.5479232848302593
280,19.055555555555554,2.1166666666666667,0.8291666666666667,0.004166666666666667,0.6119151385148286
281,9.51804670912951,2.299363057324841,1.0812101910828025,0.012738853503184714,0.6605072554408147
282,10.344907407407408,2.579861111111111,1.1666666666666667,0.006944444444444444,0.6377163095540997
283,8.498817966903072,3.1099290780141846,1.3421985815602837,0.031914893617021274,0.7893914526119431
284,9.365384615384615,2.548076923076923,1.2980769230769231,0.003205128205128205,0.6871165038177913
285,9.666666666666666,2.74031007751938,1.2829457364341086,0.050387596899224806,0.6523459806949558
286,9.406565656565657,2.537878787878788,1.1628787878787878,0.015151515151515152,0.7087392615601017
287,11.688235294117646,2.2411764705882353,0.9382352941176471,0.014705882352941176,0.6218698125087387
288,10.33838383838384,2.5454545454545454,1.0321969696969697,0.022727272727272728,0.5594354499783871
291,14.5,1.534375,0.3890625,0.0,0.40506787287071117
295,14.346320346320347,1.9188311688311688,0.7873376623376623,0.003246753246753247,0.4317195124206931
297,11.914772727272727,1.8835227272727273,0.7428977272727273,0.0,0.3376429707259097
298,10.407185628742514,2.37125748502994,1.028443113772455,0.0,0.417177350595559
300,15.716129032258065,1.8612903225806452,0.6564516129032258,0.0,0.39804175315505436
302,14.550387596899224,1.7267441860465116,0.41424418604651164,0.0,0.3692620940919191
303,16.117886178861788,1.7652439024390243,0.4725609756097561,0.0,0.46339819494930967
304,17.160337552742618,1.7278481012658229,0.555379746835443,0.0,0.3281861561514666
307,16.37984496124031,2.0155038759689923,0.6298449612403101,0.0,0.35029890305823763
308,16.311111111111114,1.809090909090909,0.5848484848484848,0.03636363636363636,0.4152003156450503
309,14.434343434343434,1.7818181818181817,0.553030303030303,0.01818181818181818,0.3504075772210695
310,14.624737945492663,1.9937106918238994,0.7044025157232704,0.018867924528301886,0.37304113610646494
313,14.475555555555557,1.6166666666666667,0.4766666666666667,0.0033333333333333335,0.4223640507688268
315,17.963440860215055,1.8935483870967742,0.5290322580645161,0.0,0.5689112661223764
316,14.158836689038031,1.9395973154362416,0.5637583892617449,0.0,0.3277934867788855
317,15.052083333333334,1.74375,0.5546875,0.0,0.10630480911477357
318,18.858974358974358,1.5705128205128205,0.4935897435897436,0.0,0.2064868928560353
319,14.294715447154472,1.9451219512195121,0.5152439024390244,0.0,0.29304705504011175
320,18.27095516569201,1.5935672514619883,0.42105263157894735,0.0,0.27693848722982534
321,13.598039215686274,2.1801470588235294,0.5900735294117647,0.0,0.6230191143647043
322,13.012195121951219,2.701219512195122,0.9237804878048781,0.0,0.5030350805613036
323,14.266233766233766,1.922077922077922,0.6314935064935064,0.0,0.40773495177141883
324,17.299196787148592,1.7349397590361446,0.5391566265060241,0.0,0.3719550265692412
325,15.118095238095238,1.7714285714285714,0.44,0.0,0.37136100660991606
326,16.080459770114942,1.7298850574712643,0.47844827586206895,0.0,0.38808227070801815
327,11.592814371257486,2.1107784431137726,0.905688622754491,0.005988023952095809,0.389791221820698
328,13.555555555555557,1.9910714285714286,0.75,0.0,0.43640870310994345
329,10.55818540433925,1.8254437869822486,0.5636094674556213,0.0,0.4175104324422056
330,12.153297682709447,1.767379679144385,0.553475935828877,0.0053475935828877,0.33105837190527193
331,11.618217054263566,1.7616279069767442,0.6046511627906976,0.0,0.3291757128162396
332,12.76875,1.48125,0.3171875,0.0,0.28289303383605113
333,12.770325203252034,1.5670731707317074,0.3719512195121951,0.0,0.31299345358730973
334,13.216962524654832,1.6568047337278107,0.47041420118343197,0.0,0.23726666040274108
336,12.045045045045045,1.8716216216216217,0.48986486486486486,0.0,0.5049819762230289
337,13.0,2.5166666666666666,0.8316666666666667,0.0,0.49379053385378974
338,12.248587570621469,2.1553672316384183,0.7387005649717514,0.002824858757062147,0.40952905544360035
339,13.840375586854462,1.4929577464788732,0.3573943661971831,0.0,0.22059461905559102
340,14.96825396825397,1.4017857142857142,0.24851190476190477,0.0,0.14621926349005004
341,11.952965235173824,2.5122699386503067,0.8711656441717791,0.0,0.45724889568787935
342,9.582766439909298,2.95578231292517,1.0850340136054422,0.01020408163265306,0.4468820766265846
343,13.101190476190476,1.9136904761904763,0.5223214285714286,0.0,0.36975295583959106
344,13.738738738738737,1.4932432432432432,0.4341216216216216,0.0,0.22735617916616133
345,12.777777777777777,1.7681159420289856,0.4601449275362319,0.0,0.35983898033446365
346,16.16572504708098,1.497175141242938,0.4081920903954802,0.0,0.19661342195106443
347,16.028282828282826,1.593939393939394,0.45454545454545453,0.0,0.24132023514531814
348,15.827642276422763,1.7585365853658537,0.5231707317073171,0.0,0.2926923163193008
349,16.263803680981596,1.6441717791411044,0.44785276073619634,0.003067484662576687,0.38119795840176035
350,16.52542372881356,1.5197740112994351,0.4731638418079096,0.0,0.29115632839402883
351,18.490813648293965,1.5708661417322836,0.5039370078740157,0.0,0.27190489946710295
352,16.176733780760628,1.332214765100671,0.3221476510067114,0.0,0.1777027573616997
353,15.984444444444444,1.4266666666666667,0.4533333333333333,0.0,0.10931567628352225
354,16.069981583793737,2.3121546961325965,0.8066298342541437,0.0,0.4406956188912802
355,16.22879684418146,2.224852071005917,0.7781065088757396,0.0,0.3751556164053654
356,14.645299145299145,1.5705128205128205,0.5384615384615384,0.003205128205128205,0.21209282209220712
357,12.612554112554111,2.3279220779220777,0.801948051948052,0.003246753246753247,0.25973251537657305
358,14.032840722495896,1.7044334975369457,0.49261083743842365,0.0,0.24967225856409336
359,16.305860805860807,1.3763736263736264,0.35027472527472525,0.0,0.26338411556192
360,15.837349397590362,1.7891566265060241,0.516566265060241,0.006024096385542169,0.30443396632229186
361,15.547619047619047,2.0576923076923075,0.6936813186813187,0.0,0.32050212229149316
362,15.186868686868687,1.5416666666666667,0.5511363636363636,0.0,0.2310787087167982
363,16.54888888888889,1.5233333333333334,0.5016666666666667,0.0,0.20533962936302852
364,13.448210922787196,2.378531073446328,0.8912429378531074,0.002824858757062147,0.354471427892641
365,18.172043010752688,1.3580645161290323,0.4838709677419355,0.0,0.2321429592586809
366,17.04232804232804,1.4312169312169312,0.5317460317460317,0.0,0.31072172327767944
367,17.331210191082803,1.3375796178343948,0.43789808917197454,0.0,0.22015910877008485
368,15.7018779342723,1.147887323943662,0.40669014084507044,0.0,0.0
369,15.563039723661484,1.9196891191709844,0.788860103626943,0.0,0.24148758193765738
370,12.970666666666668,1.9,0.632,0.0,0.3115608613683326
371,13.153664302600474,2.1773049645390072,0.776595744680851,0.0,0.42130485604899587
372,12.908641975308642,1.8814814814814815,0.6240740740740741,0.0,0.21619868454224914
373,14.259803921568627,1.6139705882352942,0.5330882352941176,0.0,0.2885466414030803
374,13.48661800486618,2.0255474452554743,0.6478102189781022,0.0,0.31506398457108115
375,13.936507936507935,1.5476190476190477,0.5374149659863946,0.0,0.2683733054558451
376,14.518518518518519,1.2740740740740741,0.3388888888888889,0.0,0.17800651650519858
377,11.746376811594203,1.9565217391304348,0.552536231884058,0.0,0.49845229176072253
378,12.694805194805195,1.9318181818181819,0.7678571428571429,0.0,0.3698580630564975
379,10.593548387096774,2.2451612903225806,0.7951612903225806,0.0,0.6085904409745527
380,10.919117647058824,2.3970588235294117,0.8547794117647058,0.0,0.728743553360764
381,11.942622950819672,2.1762295081967213,0.764344262295082,0.0,0.5386597548760332
382,13.696145124716553,1.9387755102040816,0.6445578231292517,0.003401360544217687,0.4414221557255893
383,14.71388888888889,2.0083333333333333,0.6,0.0,0.3760574730882476
384,12.923976608187134,2.002923976608187,0.6929824561403509,0.0,0.3506944832088231
385,12.673708920187794,2.0598591549295775,0.727112676056338,0.0,0.5184412129511617
386,9.846846846846848,2.560810810810811,0.9341216216216216,0.0,0.574528440169887
387,12.138271604938272,2.3740740740740742,0.8611111111111112,0.0,0.7322976908424456
388,7.822222222222222,2.32,0.6833333333333333,0.0,0.5671362433143199
389,13.67123287671233,1.4417808219178083,0.3441780821917808,0.0,0.28202543520145135
390,15.673659673659674,1.618881118881119,0.4965034965034965,0.0,0.269198465349374
391,13.734567901234568,1.8950617283950617,0.5200617283950617,0.0,0.26596499354478625
392,13.131519274376418,2.119047619047619,0.6224489795918368,0.0,0.36767459326592417
393,12.473684210526315,1.924342105263158,0.6842105263157895,0.0,0.29434407490210873
394,13.713963963963964,1.5506756756756757,0.5523648648648649,0.0,0.25866316626018804
395,13.815018315018316,1.5796703296703296,0.5041208791208791,0.0,0.30097485988993344
396,9.456953642384105,1.4370860927152318,0.38576158940397354,0.0,0.20703957492949532
397,14.093073593073594,1.37987012987013,0.4448051948051948,0.0,0.18684192530907165
398,15.095541401273886,1.4458598726114649,0.5509554140127388,0.0,0.2534244775876811
399,14.433537832310838,1.2331288343558282,0.3895705521472393,0.0,0.174428378591169
400,14.419664268585132,2.0323741007194243,0.6025179856115108,0.0035971223021582736,0.3020360556929428
402,14.143939393939394,1.503787878787879,0.4015151515151515,0.0,0.2695406128839915
403,13.687793427230048,1.9577464788732395,0.5721830985915493,0.0,0.33884831416952493
404,11.988304093567251,2.1491228070175437,0.7236842105263158,0.0,0.4505671114472233
405,10.862470862470863,2.0874125874125875,0.6486013986013986,0.0,0.45275194883385045
407,13.092731829573934,1.9661654135338347,0.5883458646616542,0.0,0.3538742504669021
408,10.8562874251497,2.248502994011976,0.7634730538922155,0.0,0.315596270798001
411,11.655493482309126,2.0335195530726256,0.7206703910614525,0.0,0.40048097070011707
412,10.390022675736963,2.32312925170068,0.7040816326530612,0.0,0.38589626288234335
413,12.925641025641026,1.8153846153846154,0.6826923076923077,0.0,0.371646275795553
415,15.689788053949904,1.3901734104046244,0.4725433526011561,0.0,0.25785095539268
417,15.347058823529412,1.4147058823529413,0.45588235294117646,0.0,0.15230701493551596
418,14.100671140939598,1.570469798657718,0.40939597315436244,0.0,0.21504975462329406
419,12.135881104033972,2.213375796178344,0.643312101910828,0.0,0.3203841396906329
420,9.522781774580336,2.2482014388489207,0.6510791366906474,0.0,0.3174270935377718
421,9.85024154589372,2.6739130434782608,0.8369565217391305,0.0,0.3096834813329937
422,11.875283446712018,1.9727891156462585,0.6428571428571429,0.0,0.3177807988485088
423,13.080996884735203,1.7897196261682242,0.4182242990654206,0.0,0.2031783535489579
424,14.171821305841926,1.9639175257731958,0.5025773195876289,0.0,0.30808923096171414
425,11.985685071574643,1.950920245398773,0.5736196319018405,0.0,0.24137059796609384
426,13.812236286919832,1.6550632911392404,0.3876582278481013,0.0,0.2515946093242487
427,10.707818930041153,2.0401234567901234,0.6373456790123457,0.0,0.2734674692432021
428,12.964539007092199,1.7872340425531914,0.5141843971631206,0.0,0.298842233285323
429,12.917602996254683,1.9269662921348314,0.5084269662921348,0.0,0.2619986359509101
430,16.42222222222222,1.5904761904761904,0.4142857142857143,0.0,0.38523696850035255
431,15.923371647509578,1.7097701149425288,0.5272988505747126,0.0,0.25335852049772195
432,13.41468253968254,2.4672619047619047,0.8095238095238095,0.0,0.36734264500581165
433,15.74,2.203333333333333,0.69,0.0,0.38549211305414727
434,17.257471264367815,2.06551724137931,0.6344827586206897,0.0,0.38033474950478224
435,12.226666666666667,2.36,0.8257142857142857,0.0,0.33050569861468504
437,14.151351351351352,2.0432432432432432,0.7067567567567568,0.002702702702702703,0.3291796106594931
438,13.011494252873563,1.7528735632183907,0.6206896551724138,0.0,0.4498943609322794
439,12.17432950191571,2.853448275862069,1.0847701149425288,0.0,0.44042407379173454
440,11.357723577235772,2.3689024390243905,0.7149390243902439,0.0,0.263787052608154
441,13.86095238095238,1.6342857142857143,0.48428571428571426,0.0,0.2638940925619717
442,19.41421568627451,1.5330882352941178,0.38419117647058826,0.0,0.39474617704781384
443,13.981132075471699,2.09748427672956,0.6588050314465409,0.0,0.27946745749449786
444,12.462585034013605,2.2755102040816326,0.7551020408163265,0.0,0.31172246407538323
445,20.260215053763442,1.9935483870967743,0.5838709677419355,0.0,0.43695802808923717
446,12.518518518518519,1.8888888888888888,0.7277777777777777,0.0,0.4023682745543559
447,12.811860940695297,2.1104294478527605,0.7131901840490797,0.0,0.28991956138806896
448,12.581597222222221,2.234375,0.8216145833333334,0.0,0.27685993848642776
449,16.58282208588957,2.0153374233128836,0.656441717791411,0.003067484662576687,0.3334625553740377
450,15.854166666666666,1.65625,0.515625,0.0,0.1475115582160541
451,13.404040404040405,1.5757575757575757,0.38636363636363635,0.0,0.2883224112601558
452,12.992202729044834,2.2017543859649122,0.6929824561403509,0.0,0.3090366907470793
453,16.89700374531835,1.5786516853932584,0.5435393258426966,0.0,0.2616029534749304
454,15.04417670682731,1.8012048192771084,0.5918674698795181,0.0,0.2852368022990581
455,13.68922305764411,2.0864661654135337,0.5601503759398496,0.0,0.3285243496535735
456,14.570230607966456,1.7610062893081762,0.6116352201257862,0.0,0.31012901440614377
457,12.785529715762273,2.0697674418604652,0.8003875968992248,0.0,0.179630409315362
458,15.443089430894307,1.7621951219512195,0.5960365853658537,0.0,0.4146642138897089
459,13.693181818181818,1.6590909090909092,0.4119318181818182,0.0,0.28069433085959145
460,16.154040404040405,1.7007575757575757,0.4734848484848485,0.0,0.23215759453304113
461,14.653508771929825,1.8651315789473684,0.5723684210526315,0.0,0.3273340640174225
462,16.457556935817806,1.6987577639751552,0.4937888198757764,0.0,0.3224323573689542
463,17.258333333333333,1.85,0.490625,0.0,0.277143476604009
464,17.354916067146284,1.2625899280575539,0.3471223021582734,0.0,0.20714594346600593
465,12.639065817409765,1.2611464968152866,0.4426751592356688,0.0,0.3616911085069671
466,13.476190476190476,1.6071428571428572,0.48214285714285715,0.0,0.32422629290722516
467,10.560416666666667,2.4125,0.7359375,0.0,0.2194556683338473
468,17.309124767225327,2.558659217877095,0.7108938547486033,0.0,0.32934823266257723
469,13.680851063829786,2.095744680851064,0.4024822695035461,0.0,0.17717802141760178
470,11.530938123752495,2.2724550898203595,0.5643712574850299,0.0,0.20349643534213388
471,16.43103448275862,2.6163793103448274,0.7176724137931034,0.0,0.2210841068938964
473,12.406162464985993,2.5840336134453783,0.680672268907563,0.0,0.16946419534493354
478,11.243137254901962,2.929411764705882,0.861764705882353,0.0,0.5386254050262113
480,17.99270072992701,2.423357664233577,0.48175182481751827,0.0,0.3820951022366483
482,13.070048309178745,2.4927536231884058,0.7898550724637681,0.0,0.19600606667839546
485,17.418560606060606,1.5681818181818181,0.3664772727272727,0.0,0.09773517616757564
487,15.739659367396595,1.6897810218978102,0.4908759124087591,0.0036496350364963502,0.10861075333970714
488,21.34710743801653,2.227272727272727,0.5433884297520661,0.0,0.22254665535897167
489,14.513784461152882,1.744360902255639,0.5263157894736842,0.0,0.10784557411765182
490,17.01565995525727,2.7348993288590604,0.9614093959731543,0.0,0.25225065964973126
491,19.62938596491228,2.6217105263157894,0.9638157894736842,0.0,0.272017268917631
492,13.607954545454545,2.9517045454545454,0.8877840909090909,0.0,0.3230436196775411
493,18.73111111111111,2.1533333333333333,0.7716666666666666,0.0,0.1154006771331173
494,11.290322580645162,2.8483870967741933,0.9096774193548387,0.0,0.3762842534720952
495,25.706036745406823,2.905511811023622,0.8779527559055118,0.0,0.3254630171172856
496,16.123543123543122,2.1853146853146854,0.7657342657342657,0.0,0.19779329234338963
497,16.68421052631579,1.819078947368421,0.4473684210526316,0.003289473684210526,0.06177606242606388
498,16.45433789954338,2.363013698630137,0.5924657534246576,0.0,0.11533737106262915
499,15.517948717948718,2.4653846153846155,0.6269230769230769,0.0,0.24413399129106178
500,13.903030303030302,2.3484848484848486,0.6484848484848484,0.0,0.17035681392769647
501,12.579710144927537,2.5652173913043477,0.7065217391304348,0.0,0.45829855383569457
502,15.281124497991968,2.352409638554217,0.7003012048192772,0.0,0.32571575830404503
503,12.401315789473685,2.5592105263157894,0.8552631578947368,0.0,0.25604375612451225
504,10.266666666666667,2.8413793103448275,0.9206896551724137,0.0,0.40650774062785805
505,8.71969696969697,3.1619318181818183,1.0909090909090908,0.0,0.465754023071751
506,13.005208333333334,2.58203125,0.775390625,0.0,0.32545155817994315
507,13.968944099378882,2.3975155279503104,0.7919254658385093,0.0,0.35686160002065953
508,14.985294117647058,2.1875,0.7224264705882353,0.0,0.36879017147400556
509,12.946859903381643,2.7246376811594204,0.7989130434782609,0.0036231884057971015,0.20343220978259305
510,14.247967479674795,2.408536585365854,0.6371951219512195,0.0,0.2911732930137367
511,16.80722891566265,2.2379518072289155,0.4789156626506024,0.0,0.3085207574114983
512,15.068273092369479,2.177710843373494,0.5677710843373494,0.0,0.2684084224255416
513,15.305555555555555,2.204861111111111,0.5295138888888888,0.0,0.22543485952013534
514,16.167919799498748,2.0864661654135337,0.4849624060150376,0.0,0.2340809383951309
515,13.744525547445255,2.6350364963503647,0.7992700729927007,0.0,0.24530803900230327
516,12.547979797979798,2.5113636363636362,0.8181818181818182,0.0,0.1656813409379413
518,13.068627450980394,3.213235294117647,1.2794117647058822,0.007352941176470588,0.44523286313887395
519,10.41304347826087,3.068840579710145,1.144927536231884,0.0,0.49890225726795506
520,11.16,2.723333333333333,0.8916666666666667,0.0,0.37830778593772024
521,13.248858447488585,3.085616438356164,1.1215753424657535,0.0,0.30303589052230384
522,14.141280353200884,2.5,0.7897350993377483,0.0,0.27895595655096117
523,16.677248677248677,2.2103174603174605,0.6091269841269841,0.0,0.25178760246602483
524,13.262254901960786,2.3198529411764706,0.6599264705882353,0.0,0.3193802415347017
525,14.9002624671916,2.358267716535433,0.7086614173228346,0.0,0.28840143461991286
526,14.873655913978494,2.189516129032258,0.6532258064516129,0.0,0.3112192870864461
527,10.328671328671328,2.5454545454545454,0.9545454545454546,0.0,0.41033700966795456
528,8.026881720430108,2.2338709677419355,0.7520161290322581,0.0,0.3511856352305358
529,9.73927392739274,2.5742574257425743,0.8712871287128713,0.0,0.3782734523097873
530,9.154525386313466,2.562913907284768,0.8874172185430463,0.0,0.3479551335877965
531,11.445273631840797,2.824626865671642,1.0354477611940298,0.0,0.4402583635565916
542,17.154061624649863,2.23109243697479,0.6554621848739496,0.0,0.46283927684071485
543,10.51908396946565,2.030534351145038,0.6354961832061069,0.0,0.33625181496951806
544,13.062678062678062,2.4743589743589745,0.6858974358974359,0.0,0.395576394053629
545,13.853107344632768,2.3135593220338984,0.701271186440678,0.0,0.44727197942502817
546,18.835897435897436,2.576923076923077,0.7384615384615385,0.0,0.461294023386744
547,15.018970189701898,2.3983739837398375,0.7540650406504065,0.0,0.48166041706517443
548,18.128440366972477,2.389908256880734,0.713302752293578,0.0,0.4538058115732825
549,23.51951951951952,2.171171171171171,0.6058558558558559,0.0,0.42953560379976674
550,16.027397260273972,2.4280821917808217,0.7294520547945206,0.0,0.34801377743573875
551,19.367149758454104,2.5615942028985508,0.7336956521739131,0.0,0.35450402621027577
552,13.739229024943311,2.0476190476190474,0.6615646258503401,0.0,0.13391929107527412
553,21.046153846153846,2.2846153846153845,0.6826923076923077,0.0,0.275799982675105
554,20.422969187675072,2.369747899159664,0.7373949579831933,0.0,0.3233749769476071
555,14.12008281573499,2.4627329192546585,0.9487577639751553,0.0,0.32184066982327497
556,14.384015594541909,2.087719298245614,0.7587719298245614,0.0,0.212923881520128
557,14.633109619686802,2.151006711409396,0.7684563758389261,0.0,0.22545420842683167
558,12.337209302325581,2.1482558139534884,0.6540697674418605,0.0,0.3313785849225535
559,13.656746031746033,1.9613095238095237,0.6071428571428571,0.0,0.25739110970798484
560,13.114718614718615,1.9285714285714286,0.6428571428571429,0.003246753246753247,0.13336551455743692
561,11.791245791245792,2.063131313131313,0.7790404040404041,0.0,0.18980630279250355
562,12.371794871794872,2.5993589743589745,0.9823717948717948,0.0,0.18727652087543767
563,13.27373068432671,2.576158940397351,1.1258278145695364,0.0,0.3323570805084987
564,11.360623781676413,2.0994152046783627,0.6929824561403509,0.0,0.2983063561097204
565,15.061643835616438,1.9828767123287672,0.625,0.0,0.31947179706029744
566,16.302564102564105,2.2615384615384615,0.7153846153846154,0.0,0.35058895263516116
567,13.368,2.264,0.824,0.004,0.3037460390658734
568,9.063872255489022,2.679640718562874,0.9760479041916168,0.0,0.4370608439662549
569,12.275449101796408,2.712574850299401,1.152694610778443,0.0,0.5680924547671694
570,10.479616306954437,2.629496402877698,1.0071942446043165,0.0,0.45564027614433256
571,17.15497076023392,2.675438596491228,1.0767543859649122,0.0,0.4051781078479456
572,12.146341463414634,3.0813008130081303,1.2723577235772359,0.0,0.4316298169520375
573,13.14179104477612,2.451492537313433,0.8992537313432836,0.0,0.5558050123048823
574,10.337474120082815,2.546583850931677,0.9906832298136646,0.003105590062111801,0.4536779098283237
575,11.27450980392157,3.003267973856209,1.0637254901960784,0.0,0.5099303075752886
576,12.055172413793104,2.7896551724137932,1.3637931034482758,0.0,0.4768725535822151
577,11.014925373134329,2.4365671641791047,0.8843283582089553,0.0,0.4287977636140842
578,11.07047619047619,2.334285714285714,0.8742857142857143,0.0,0.3731032327674927
579,14.4,2.1375,0.73125,0.003125,0.3719461334042387
580,12.870476190476191,1.6514285714285715,0.6,0.002857142857142857,0.14440761509330863
581,22.673423423423422,2.675675675675676,0.9290540540540541,0.0,0.48555295848847185
582,17.011415525114156,2.4794520547945207,0.8476027397260274,0.0,0.44277471611852304
583,19.141203703703706,2.9756944444444446,1.1232638888888888,0.0,0.4678509131142749
584,15.768361581920905,2.614406779661017,1.00635593220339,0.0,0.5335984710603656
585,8.627450980392156,3.4191176470588234,1.3860294117647058,0.003676470588235294,0.4126863647248657
586,9.155688622754491,3.2664670658682633,1.4311377245508983,0.0,0.4526790371143888
587,13.579961464354529,3.1502890173410405,0.958092485549133,0.0,0.4968041428384645
588,12.289351851851853,3.0034722222222223,1.3090277777777777,0.0,0.5001736151318477
589,13.267759562841531,3.331967213114754,1.3811475409836065,0.0,0.5226472254988627
590,14.156521739130435,3.0130434782608697,1.2043478260869565,0.0,0.47432836392052863
591,13.36950904392765,3.302325581395349,1.4089147286821706,0.0,0.5247345411928575
592,13.781970649895179,3.1257861635220126,1.0927672955974843,0.0,0.4559072999957338
593,12.377260981912146,2.875968992248062,1.1627906976744187,0.0,0.3924358016885788
594,13.079365079365079,3.3666666666666667,1.3952380952380952,0.0,0.48461526417538986
595,11.085545722713865,3.5353982300884956,1.491150442477876,0.0,0.5145014509727621
596,13.195195195195195,2.9324324324324325,1.3085585585585586,0.0,0.5063708960435037
597,10.993710691823898,3.3537735849056602,1.3867924528301887,0.0,0.5465940249491668
598,12.927272727272728,3.140909090909091,1.3590909090909091,0.0,0.5336228275753592
599,13.554347826086957,3.1793478260869565,1.372282608695652,0.0,0.5482820537412357
600,14.982456140350877,3.31140350877193,1.1864035087719298,0.0,0.6626592076461586
601,11.824242424242424,3.340909090909091,1.3590909090909091,0.0,0.5635876491796293
602,15.560975609756097,3.105691056910569,0.9654471544715447,0.0,0.49573807268912845
603,17.5,3.4858490566037736,1.2264150943396226,0.0,0.5802152415929676
604,15.584192439862544,2.9278350515463916,0.9690721649484536,0.0,0.4696923701131282
605,12.488,2.708,0.886,0.0,0.49296464037017995
606,11.503401360544217,2.443877551020408,0.7142857142857143,0.0,0.415060156976294
607,10.898907103825136,2.6147540983606556,0.8463114754098361,0.0,0.4520878079237109
608,11.212121212121211,2.6818181818181817,0.9727272727272728,0.0,0.49535416487754313
609,10.428104575163399,2.8529411764705883,0.9191176470588235,0.0,0.6010587106381069
610,11.862745098039216,2.8445378151260505,0.9852941176470589,0.0,0.5402474812677982
611,10.518229166666666,2.921875,1.068359375,0.00390625,0.5270777547405449
612,12.874704491725769,2.652482269503546,0.9237588652482269,0.0,0.4428382982586255
613,12.458333333333334,2.5288461538461537,0.8798076923076923,0.0,0.3395424923192346
614,10.447811447811446,2.5505050505050506,0.8535353535353535,0.005050505050505051,0.45955695785773903
615,12.223300970873787,2.470873786407767,0.7402912621359223,0.0,0.4169830396184961
616,11.882205513784461,2.424812030075188,0.9135338345864662,0.0,0.4428419733466657
617,11.623333333333333,2.585,0.9025,0.0,0.5125591351905017
618,11.556521739130435,2.3391304347826085,0.8326086956521739,0.0,0.3921723667500954
619,10.738095238095237,2.5912698412698414,0.9662698412698413,0.0,0.4609593041076084
620,10.91025641025641,2.6971153846153846,1.0264423076923077,0.004807692307692308,0.5097469955688503
621,14.705426356589147,2.3333333333333335,0.8313953488372093,0.0,0.38563275120875895
622,12.577777777777778,2.8333333333333335,1.087037037037037,0.0,0.430569890712166
623,14.37793427230047,2.9190140845070425,1.0070422535211268,0.0,0.5078899170855141
624,10.756578947368421,2.861842105263158,0.912828947368421,0.0,0.5276029291246642
625,14.93939393939394,2.8595041322314048,1.0082644628099173,0.0,0.4924674637585584
626,17.209150326797385,2.581699346405229,0.8823529411764706,0.0,0.4653484966456461
627,11.826923076923077,2.8701923076923075,1.0649038461538463,0.0,0.5804941067463852
628,8.75925925925926,2.7083333333333335,0.8981481481481481,0.0,0.45858149222453315
629,10.669491525423728,3.3135593220338984,1.1483050847457628,0.0,0.6022136178215094
630,10.834834834834835,2.6171171171171173,0.9279279279279279,0.0,0.47293723752522737
631,13.788732394366198,2.5528169014084505,0.8503521126760564,0.0,0.5394105444507106
632,10.18380062305296,3.107476635514019,1.1565420560747663,0.004672897196261682,0.6009778174852797
633,10.371929824561404,2.794736842105263,0.9973684210526316,0.0,0.6028037151869016
634,8.233560090702948,3.0884353741496597,0.9659863945578231,0.0,0.5586628174222846
635,11.089430894308943,3.2845528455284554,1.1321138211382114,0.0,0.6192966407229776
636,12.214611872146119,3.585616438356164,1.5136986301369864,0.0,0.31464049853065446
637,9.617948717948718,2.9923076923076923,1.1961538461538461,0.0,0.5046918288081446
638,19.098666666666666,2.028,0.636,0.0,0.48683114416350326
639,9.284900284900285,2.3632478632478633,0.6388888888888888,0.0,0.28598225958657897
640,9.913832199546485,2.9489795918367347,0.8503401360544217,0.0,0.5768010569991265
801,10.418145956607496,2.2781065088757395,0.8727810650887574,0.005917159763313609,0.7699328260487857
802,8.679012345679013,1.882716049382716,0.6790123456790124,0.0,0.8509618744479654
803,8.605263157894736,2.026315789473684,0.6973684210526315,0.006578947368421052,0.6248311338033204
804,10.391304347826088,2.111801242236025,0.8757763975155279,0.003105590062111801,0.6993196233772946
805,15.10548523206751,1.4841772151898733,0.7389240506329114,0.0,0.7533984072435809
806,13.578313253012048,1.5481927710843373,0.6159638554216867,0.0,0.5268112435568194
807,8.775793650793652,1.9464285714285714,0.8422619047619048,0.002976190476190476,0.833191724319832
808,11.116883116883116,2.1006493506493507,0.8327922077922078,0.0,0.5444628502351935
809,8.166666666666668,1.9191176470588236,0.5753676470588235,0.0,0.7766979687141432
810,17.27572016460905,1.8425925925925926,0.5709876543209876,0.0,0.21079387895192314
811,14.68148148148148,1.8805555555555555,0.6513888888888889,0.0,0.2844052413433789
812,15.600877192982457,1.674342105263158,0.3667763157894737,0.0,0.26511955859089004
813,15.914893617021276,2.017730496453901,0.5460992907801419,0.0,0.3699010024806883
814,15.1625,2.18125,0.7546875,0.0,0.38248211638645224
815,16.935294117647057,1.8823529411764706,0.6911764705882353,0.0029411764705882353,0.3863272173780797
816,15.988636363636363,1.8068181818181819,0.6207386363636364,0.008522727272727272,0.43878924425026444
817,15.340782122905027,1.6592178770949721,0.40502793296089384,0.002793296089385475,0.3192309229184782
818,11.515350877192981,2.039473684210526,0.6891447368421053,0.023026315789473683,0.4046712663171363
819,17.462025316455698,1.8829113924050633,0.5759493670886076,0.0,0.42538398578030934
820,15.697495183044316,1.5,0.40028901734104044,0.0,0.39949630835606487
821,19.362745098039216,1.5911764705882352,0.5044117647058823,0.0029411764705882353,0.3369303629489308
822,10.16969696969697,2.2636363636363637,0.8106060606060606,0.0,0.3692268876138886
823,11.497041420118343,2.242603550295858,0.764792899408284,0.0,0.35314817377508867
824,16.170263788968825,1.5611510791366907,0.460431654676259,0.0,0.26447644502058393
825,13.013333333333334,1.56,0.59,0.0,0.22216504476942758
826,12.032863849765258,2.0492957746478875,0.5686619718309859,0.0,0.336752402511774
827,12.179824561403509,2.0921052631578947,0.7598684210526315,0.0,0.40390165598667366
828,14.708333333333334,1.3994565217391304,0.5489130434782609,0.0,0.22109501580224628
829,10.304597701149426,2.82183908045977,0.9166666666666666,0.0,0.35120804855930743
830,11.742798353909466,1.9506172839506173,0.5617283950617284,0.0,0.5953873567798373
831,13.183431952662723,1.4585798816568047,0.3994082840236686,0.0,0.3063142161030633
832,11.583959899749374,1.9774436090225564,0.631578947368421,0.0,0.32688400868547557
833,11.646846846846847,2.5135135135135136,0.8851351351351351,0.0,0.3914762323551839
834,14.53445065176909,1.0782122905027933,0.3393854748603352,0.0,0.32376189681653095
835,16.633093525179856,1.4136690647482015,0.39928057553956836,0.0,0.24919992259067728
836,12.357615894039736,1.718543046357616,0.5364238410596026,0.0,0.3524707502388121
837,13.229007633587786,3.1526717557251906,1.099236641221374,0.007633587786259542,0.4397464832803897
838,7.4764957264957275,3.1153846153846154,1.1041666666666667,0.0,0.4544751252493476
839,12.902777777777779,3.017361111111111,0.9878472222222222,0.0,0.5207040627625277
840,12.206235011990408,3.115107913669065,1.10431654676259,0.0035971223021582736,0.5537290377387685
841,11.866197183098592,3.278169014084507,1.1214788732394365,0.0,0.43593691064881895
842,7.63963963963964,3.391891891891892,1.2972972972972974,0.006756756756756757,0.49297730390928474
843,9.641821946169774,3.2888198757763973,1.1273291925465838,0.0,0.4156345409587629
844,12.682326621923938,3.3926174496644297,1.1778523489932886,0.0,0.5530114492730247
845,12.035294117647059,3.2411764705882353,1.2720588235294117,0.0,0.57580577169376
846,8.326340326340327,3.4895104895104896,1.2954545454545454,0.0,0.5645010336557401
847,11.27956989247312,2.9483870967741934,0.9903225806451613,0.0064516129032258064,0.48968447697024936
848,9.417808219178083,3.1986301369863015,1.0445205479452055,0.0,0.31683154944066855
849,14.089285714285714,2.0386904761904763,0.47023809523809523,0.0,0.15120222476149925
850,12.017676767676766,2.234848484848485,0.5700757575757576,0.0,0.2636323223530212
851,14.875299760191846,2.485611510791367,0.4136690647482014,0.0,0.38445511312106523
852,14.76969696969697,1.7212121212121212,0.45151515151515154,0.0,0.1289296458859679
853,10.94195688225539,2.2786069651741294,0.6156716417910447,0.0,0.38761653005258623
854,11.960674157303371,2.351123595505618,0.6952247191011236,0.0,0.3259412969209459
855,10.327198364008181,2.8496932515337425,0.7331288343558282,0.0,0.4357641287900359
856,14.666666666666666,2.4883040935672516,0.5657894736842105,0.0,0.3800485054701204
857,14.197452229299364,2.194267515923567,0.5302547770700637,0.0,0.2649817272516236
858,15.016786570743406,1.8237410071942446,0.36510791366906475,0.0,0.2262138628562573
859,16.972826086956523,2.8369565217391304,0.7527173913043478,0.0,0.39207967667914756
860,13.713261648745519,2.03494623655914,0.5201612903225806,0.0,0.08639297214161709
861,14.145124716553289,3.0136054421768708,0.8537414965986394,0.0,0.30366120408568387
862,16.520833333333332,2.2465277777777777,0.5208333333333334,0.0,0.31813617258052274
863,15.077694235588972,2.406015037593985,0.4642857142857143,0.0,0.297267451606964
864,17.42892156862745,2.8125,0.9558823529411765,0.0,0.3070677141538398
865,9.275720164609053,2.7839506172839505,0.6188271604938271,0.0,0.4480586864021978
866,11.901639344262295,3.1024590163934427,0.9118852459016393,0.0,0.45474863590312037
867,12.816425120772948,1.7246376811594204,0.37318840579710144,0.0,0.22130961727798437
868,14.938342967244703,2.19364161849711,0.7297687861271677,0.0,0.4196415606125348
869,13.050890585241731,2.633587786259542,0.9122137404580153,0.0,0.3824055410720204
870,10.761904761904763,2.869047619047619,1.0714285714285714,0.011904761904761904,0.33963226398883556
871,12.04857621440536,1.8542713567839195,0.6884422110552764,0.0,0.40855752287670194
872,15.019047619047619,1.6928571428571428,0.6571428571428571,0.0,0.3678272263034981
873,13.735507246376812,1.7255434782608696,0.5027173913043478,0.0,0.612197205163852
874,13.71285140562249,1.7439759036144578,0.6746987951807228,0.0,0.4226137374192748
875,12.937384898710865,1.7154696132596685,0.580110497237569,0.0,0.32994732900953677
876,12.714285714285714,2.229813664596273,0.8555900621118012,0.003105590062111801,0.3721933220330617
877,15.477011494252874,1.5402298850574712,0.5258620689655172,0.0,0.3442358312198273
878,12.428324697754748,1.6269430051813472,0.6696891191709845,0.0,0.3206651501069258
879,11.163873370577281,2.5977653631284916,0.696927374301676,0.0,0.4532115261986121
880,10.927536231884057,2.9254658385093166,0.8664596273291926,0.0,0.49832567050308846
881,9.358178053830228,3.158385093167702,0.9813664596273292,0.0,0.6607960995667271
882,8.793893129770993,3.2519083969465647,1.0610687022900764,0.0,0.7638919053322298
883,16.3598233995585,1.9437086092715232,0.5711920529801324,0.0,0.14117212161476475
884,12.006756756756756,2.3277027027027026,0.6908783783783784,0.0,0.4537097462336447
885,11.009900990099009,3.3069306930693068,1.1237623762376239,0.0,0.49164336751634813
886,19.293064876957494,2.469798657718121,0.6946308724832215,0.0,0.4028521481450666
887,24.28,2.356,0.71,0.0,0.37870064215271015
888,15.12947658402204,2.1074380165289255,0.5785123966942148,0.0,0.3248860356063562
889,11.213235294117647,2.1323529411764706,0.6654411764705882,0.0,0.17450573323746665
890,15.875862068965517,1.8827586206896552,0.4879310344827586,0.0,0.2761344928816446
891,21.4320987654321,2.5555555555555554,0.8351851851851851,0.0,0.41308608059248814
892,17.51954022988506,2.5344827586206895,0.8155172413793104,0.0,0.4273770429276031
893,14.069444444444445,1.7743055555555556,0.515625,0.0,0.21840724960701668
894,17.764705882352942,1.9873949579831933,0.657563025210084,0.0,0.43488182606542874
895,15.804301075268816,2.274193548387097,0.7225806451612903,0.0,0.29727950693498334
896,15.300505050505052,2.4583333333333335,0.7272727272727273,0.0,0.4139225132165062
897,14.907960199004975,1.8395522388059702,0.5802238805970149,0.0,0.20760915429331375
898,25.874015748031496,3.1181102362204722,1.0216535433070866,0.0,0.4823608472437975
899,14.91156462585034,2.1360544217687076,0.6870748299319728,0.0,0.2918372187504973
900,18.768321513002366,2.379432624113475,0.723404255319149,0.0,0.31210953546755
901,14.532786885245901,2.180327868852459,0.6331967213114754,0.0,0.30480924870321596
902,16.138666666666666,2.216,0.6,0.0,0.25878764705334184
903,14.108747044917257,2.620567375886525,0.8262411347517731,0.0,0.36334302850676553
904,27.29137529137529,2.4055944055944054,0.8356643356643356,0.0,0.37596128837148984
905,20.73611111111111,2.7375,0.89375,0.0,0.3945532490049281
906,20.00952380952381,2.2285714285714286,0.680952380952381,0.0,0.34375005790535385
907,21.110169491525422,2.5466101694915255,0.826271186440678,0.00847457627118644,0.3628973934119009
908,24.264197530864198,2.4703703703703703,0.7425925925925926,0.0,0.3812751256817404
909,14.53076923076923,2.019230769230769,0.7153846153846154,0.0038461538461538464,0.2989890984015094
910,13.310344827586206,1.9965517241379311,0.596551724137931,0.0,0.3251497212822413
911,23.48509485094851,2.113821138211382,0.6951219512195121,0.0,0.283325790920252
912,18.167832167832167,2.8846153846153846,0.9300699300699301,0.0,0.33653374338910685
913,26.636363636363637,2.6915584415584415,0.9366883116883117,0.0,0.40260672723687485
914,12.049180327868852,1.9836065573770492,0.5942622950819673,0.004098360655737705,0.455193554988445
915,13.732876712328768,1.9486301369863013,0.5753424657534246,0.0,0.44957315834599554
916,12.870246085011185,1.983221476510067,0.6577181208053692,0.0,0.46572608834887635
917,12.671604938271605,1.8555555555555556,0.5555555555555556,0.0,0.5249461458426311
918,14.095238095238095,1.6764705882352942,0.4894957983193277,0.0,0.43073143626438937
919,14.27366255144033,1.6790123456790123,0.38425925925925924,0.0030864197530864196,0.34098245251158604
920,11.715277777777779,2.142361111111111,0.7395833333333334,0.0,0.5400926343257442
921,13.858472998137804,2.089385474860335,0.4972067039106145,0.0,0.30195372511972396
922,11.94915254237288,1.5112994350282485,0.3601694915254237,0.0,0.2091835511199925
923,14.33673469387755,3.2091836734693877,1.0433673469387754,0.0,0.4290277044841104
924,9.723051409618575,2.781094527363184,0.8246268656716418,0.0,0.4379001386278897
925,10.363128491620111,2.410614525139665,0.7402234636871509,0.0,0.432704683651062
926,9.01700680272109,2.6581632653061225,0.7844387755102041,0.0,0.4376707969829656
927,13.485617597292725,1.8350253807106598,0.41624365482233505,0.0025380710659898475,0.3672985625585685
928,11.195979899497488,1.9824120603015076,0.4723618090452261,0.0,0.33683536067598246
929,10.14462081128748,2.367724867724868,0.6071428571428571,0.0,0.4224865361715875
930,15.080279232111694,1.7539267015706805,0.40706806282722513,0.0,0.37396793058090494
931,11.111764705882353,2.1088235294117648,0.6088235294117647,0.0,0.24621969396787136
932,11.308712121212123,1.9772727272727273,0.5696022727272727,0.0,0.3550309553333686
